product_id,company_id,date,balance,available,granted,liquidity,countable
PRODUCT_03496,COMP_0001,2026-09-01 00:00:00,31795.29,,,,
PRODUCT_04955,COMP_0001,2026-09-01 00:00:00,681.97,,,,
PRODUCT_02455,COMP_0002,2026-09-01 00:00:00,926103.68,,,926103.68,926103.68
PRODUCT_03252,COMP_0002,2026-09-01 00:00:00,135177.36,,,135177.36,135177.36
PRODUCT_03244,COMP_0003,2026-09-01 00:00:00,1052.77,,,,
PRODUCT_08018,COMP_0003,2026-09-01 00:00:00,0,,,,
PRODUCT_00591,COMP_0004,2026-09-01 00:00:00,-131735.94,,,,
PRODUCT_01562,COMP_0004,2026-09-01 00:00:00,-436.32,,-2000,1563.68,
PRODUCT_02113,COMP_0004,2026-09-01 00:00:00,0,,-200000,200000,
