product_id,company_id,label,type,bank_name,service,currency,created_at,granted,outstanding,liquidity
PRODUCT_00002,COMP_1008,LOAN_01,loan,Banca March,bancamarch,EUR,2026-01-28 12:50:43,,-394699.74,
PRODUCT_00005,COMP_0742,LOAN_01,loan,Other (customer-defined),custom,EUR,2026-03-26 10:34:49,-4000000,-840000,
PRODUCT_00006,COMP_0653,LOAN_01,loan,Other (customer-defined),custom,EUR,2025-08-27 15:31:35,-350000,0,
PRODUCT_00023,COMP_0248,LOAN_01,loan,Banco Sabadell T. sec - CAL Empresas,sabadell_emp_sec,EUR,2025-11-13 13:36:02,-100000,-30101.12,
PRODUCT_00027,COMP_1130,LINEOFCREDIT_01,lineofcredit,Banco Sabadell,sabadell_emp,EUR,2024-05-21 15:04:34,-0.01,0,0.01
PRODUCT_00029,COMP_0803,LINEOFCREDIT_01,lineofcredit,BBVA,bbva_emp,EUR,2023-10-23 10:41:31,-1300000,-1181176.23,118823.77
PRODUCT_00031,COMP_1070,LOAN_01,loan,Bankinter Empresas,bankinter_emp,EUR,2026-03-19 12:55:37,-104500,0,
PRODUCT_00032,COMP_0827,LOAN_01,loan,Cajamar,cajamar,EUR,2023-01-17 14:55:58,,0,
PRODUCT_00044,COMP_0877,LINEOFCREDIT_01,lineofcredit,Banco Santander Empresas,santander_emp,EUR,2025-10-06 15:22:31,-21350000,19007594.63,40357594.63
